{"working_dir":null,"default_chunk_options":{"echo":true},"chunk_definitions":[{"row":17,"row_count":1,"visible":true,"expansion_state":0,"options":{"engine":"r","label":"setup","include":false},"document_id":"5B2075AE","chunk_id":"csetup_chunk","chunk_label":"setup"},{"row":26,"row_count":1,"visible":true,"expansion_state":0,"options":{"engine":"r","message":false,"label":"unnamed-chunk-7"},"document_id":"5B2075AE","chunk_id":"cvq0y7gyhnziy","chunk_label":"unnamed-chunk-1"},{"row":41,"row_count":1,"visible":true,"expansion_state":0,"options":{"engine":"r","label":"unnamed-chunk-3"},"document_id":"5B2075AE","chunk_id":"cnu6bi2jk2tu2","chunk_label":"unnamed-chunk-2"},{"row":57,"row_count":1,"visible":true,"expansion_state":0,"options":{"engine":"r","label":"unnamed-chunk-4"},"document_id":"5B2075AE","chunk_id":"cs1a4gxylrwm3","chunk_label":"unnamed-chunk-3"},{"row":70,"row_count":1,"visible":true,"expansion_state":0,"options":{"engine":"r","label":"unnamed-chunk-5"},"document_id":"5B2075AE","chunk_id":"cakr5ehcgfahn","chunk_label":"unnamed-chunk-4"},{"row":107,"row_count":1,"visible":true,"expansion_state":0,"options":{"engine":"r","label":"unnamed-chunk-8"},"document_id":"5B2075AE","chunk_id":"c8rpe526xpdux","chunk_label":"unnamed-chunk-5"}],"doc_write_time":1689025042,"chunk_rendered_width":700}